{
  "fps": 25.0,
  "metrics": {
    "frames_5": {
      "tp": 0.0,
      "fp": 27.0,
      "fn": 26.0,
      "precision": 0.0,
      "recall": 0.0,
      "f1": 0.0
    },
    "frames_10": {
      "tp": 0.0,
      "fp": 27.0,
      "fn": 26.0,
      "precision": 0.0,
      "recall": 0.0,
      "f1": 0.0
    },
    "frames_15": {
      "tp": 0.0,
      "fp": 27.0,
      "fn": 26.0,
      "precision": 0.0,
      "recall": 0.0,
      "f1": 0.0
    },
    "frames_25": {
      "tp": 5.0,
      "fp": 22.0,
      "fn": 21.0,
      "precision": 0.18518518518518517,
      "recall": 0.19230769230769232,
      "f1": 0.18867924528301885
    },
    "frames_50": {
      "tp": 8.0,
      "fp": 19.0,
      "fn": 18.0,
      "precision": 0.2962962962962963,
      "recall": 0.3076923076923077,
      "f1": 0.3018867924528302
    },
    "frames_75": {
      "tp": 12.0,
      "fp": 15.0,
      "fn": 14.0,
      "precision": 0.4444444444444444,
      "recall": 0.46153846153846156,
      "f1": 0.4528301886792453
    },
    "frames_100": {
      "tp": 13.0,
      "fp": 14.0,
      "fn": 13.0,
      "precision": 0.48148148148148145,
      "recall": 0.5,
      "f1": 0.49056603773584906
    },
    "frames_125": {
      "tp": 14.0,
      "fp": 13.0,
      "fn": 12.0,
      "precision": 0.5185185185185185,
      "recall": 0.5384615384615384,
      "f1": 0.5283018867924528
    },
    "frames_150": {
      "tp": 14.0,
      "fp": 13.0,
      "fn": 12.0,
      "precision": 0.5185185185185185,
      "recall": 0.5384615384615384,
      "f1": 0.5283018867924528
    }
  }
}