{
  "fps": 25.0,
  "metrics": {
    "frames_5": {
      "tp": 3.0,
      "fp": 24.0,
      "fn": 23.0,
      "precision": 0.1111111111111111,
      "recall": 0.11538461538461539,
      "f1": 0.11320754716981132
    },
    "frames_10": {
      "tp": 4.0,
      "fp": 23.0,
      "fn": 22.0,
      "precision": 0.14814814814814814,
      "recall": 0.15384615384615385,
      "f1": 0.1509433962264151
    },
    "frames_15": {
      "tp": 4.0,
      "fp": 23.0,
      "fn": 22.0,
      "precision": 0.14814814814814814,
      "recall": 0.15384615384615385,
      "f1": 0.1509433962264151
    },
    "frames_25": {
      "tp": 4.0,
      "fp": 23.0,
      "fn": 22.0,
      "precision": 0.14814814814814814,
      "recall": 0.15384615384615385,
      "f1": 0.1509433962264151
    },
    "frames_50": {
      "tp": 4.0,
      "fp": 23.0,
      "fn": 22.0,
      "precision": 0.14814814814814814,
      "recall": 0.15384615384615385,
      "f1": 0.1509433962264151
    },
    "frames_75": {
      "tp": 4.0,
      "fp": 23.0,
      "fn": 22.0,
      "precision": 0.14814814814814814,
      "recall": 0.15384615384615385,
      "f1": 0.1509433962264151
    },
    "frames_100": {
      "tp": 5.0,
      "fp": 22.0,
      "fn": 21.0,
      "precision": 0.18518518518518517,
      "recall": 0.19230769230769232,
      "f1": 0.18867924528301885
    },
    "frames_125": {
      "tp": 6.0,
      "fp": 21.0,
      "fn": 20.0,
      "precision": 0.2222222222222222,
      "recall": 0.23076923076923078,
      "f1": 0.22641509433962265
    },
    "frames_150": {
      "tp": 6.0,
      "fp": 21.0,
      "fn": 20.0,
      "precision": 0.2222222222222222,
      "recall": 0.23076923076923078,
      "f1": 0.22641509433962265
    }
  }
}